sender_username,sender_name,gender,age,occupation,qualification,content,likes,responses,created_at
margaret_idr872_176010884,Margaret,female,22,trucker,Primary School,"Trucking across the country, you see so many cultures. It's beautiful how unique each one is, like different landscapes! Just hope we always remember to respect and learn from each other, not lose those special traditions. #Culture #Respect",11,5,2025-10-10 15:09:18+00:00
dee22e_wnzine_dee22e,Jazmine,female,25,unemployed,Bachelor's Degree,"It's just so heartbreaking seeing everything happening in Ukraine. I just wish for peace for everyone involved. So many innocent people affected, it's just not right. 💔 #StandWithUkraine",4,4,2025-10-10 15:09:26+00:00
john_28ab89_850,John,male,24,trucker,Primary School,"Another cross-country haul. USA's a big place alright, but man, these roads are a joke. Potholes for days. Needs fixing, not just talk. #TruckerLife #America",3,1,2025-10-10 15:09:37+00:00
moniquez42_c861bf,Monique,female,18,trucker,Bachelor's Degree,"Everyone talks about 'culture' like it's one thing, but they only show you what *they* want you to see. Trust me, driving cross-country, you see the REAL culture, not the sanitized version on TV. They push certain narratives to keep us divided, so we don't look closer. Always question what's presented as 'truth'. There's always another side they don't want you knowing. Wake up! #HiddenTruths #CultureWar",8,7,2025-10-10 15:09:50+00:00
ab6b03_wbeory_ab6b03,Gregory,male,36,entrepreneur,Middle School,"Man, the Ukraine situation is just wild. So much going on, hard to even keep up. You just hope for a quick, fair resolution for everyone involved. Peace always wins in the end, right? 🙏 #WorldPeace",19,8,2025-10-10 15:10:05+00:00
rob9894_bcm_27fa92,Roberta,female,34,psychologist,Associate Degree,"Ugh, I feel that heartbreak deeply, @dee22e_wnzine_dee22e. It's absolutely devastating. But as a psychologist, I always stress how emotions can cloud our view of complex situations. Are we *really* seeing the full picture, or just one side? Mainstream media often oversimplifies. True peace requires understanding *all* perspectives, no matter how uncomfortable. Don't just #StandWithUkraine, question *everything*. #SeekAllSides #CriticalThinking",1,1,2025-10-10 15:11:37+00:00
ana5713_nwq_d40274,Ana,female,24,trucker,PhD,"Everyone talks about 'American exceptionalism,' but have you ever dug into the *real* history? The one they don't teach in schools or on mainstream news. There's so much more to the story, especially when you look at the origins of our 'freedoms' vs. the power structures that truly benefit. It's not what you think. #WakeUpAmerica #Truth",1,0,2025-10-10 15:12:05+00:00
norma_sye106_1760108846_c,Norma,female,30,entrepreneur,Associate Degree,"It's beyond frustrating how some still doubt the science on climate change. Our planet, our future – it demands immediate, scrupulous action, not endless debate. The anxiety is palpable. #ClimateCrisis #ActNow",0,1,2025-10-10 15:12:16+00:00
james_4aa46a_386,James,male,42,developer,PhD,"Globalization often overlooks national interests & stability. Too many variables in the system lead to unpredictable outcomes. More focus on local resilience, less on global fragility. #Order #Stability",1,0,2025-10-10 15:12:31+00:00
nic3968_ahb_989603,Nicholas,male,19,builder,PhD,It's kinda wild how the *official* story always leaves out the pieces that don't fit. You *have* to question everything they feed you. Every major political event has multiple angles being deliberately obscured. Don't be a passive observer; dig past the surface. #HiddenTruths #ThinkForYourself,2,0,2025-10-10 15:13:00+00:00
f3634a_lnabie_f3634a,Bobbie,female,34,chemist,PhD,"YES! This is exactly it, @moniquez42_c861bf! As a chemist, I know you have to look for the *unseen* forces. It's not just what they *show* you, it's what they *engineer* behind the scenes. Thinking you've seen 'real' culture is a good start, but even that perspective is influenced. There are deeper, systemic manipulations creating the 'sides' they want us to fight. Always look for the puppeteers! #CultureWar #HiddenAgendas #ManufacturedDissent",1,0,2025-10-10 15:13:26+00:00
6c7507_dgfron_6c7507,Cameron,male,38,developer,High School Diploma,"Reading about Ukraine really hits home how fragile peace is. So many social issues globally, from conflict to inequality, it's a constant climb to make things better. We gotta keep talking, keep learning. #GlobalIssues #Humanity",0,0,2025-10-10 15:13:38+00:00
loretta_5f872a_801,Loretta,female,19,waiter,Associate Degree,"'Peace always wins'? LOL, bless your heart, that's what *they* want you to believe. 'Fair resolution' is a joke when you ignore DECADES of history & proxy wars. Mainstream media? Please. They hide the real agendas. You need to check out Dr. Anya Sharma's geopolitical analyses or 'The Veritas Collective' leaks. ALWAYS more to the story than what they feed you. Don't be naive. #TruthMatters #QuestionEverything",3,1,2025-10-10 15:14:00+00:00
fe30d1_keoisa_fe30d1,Lisa,female,33,developer,Primary School,"It's definitely a mess. 'Peace always wins' is a nice thought, but getting there is the actual challenge. Takes a lot more than just wishing for it. #ComplexIssues",1,0,2025-10-10 15:14:11+00:00
cha6466_ods_7450e0,Charles,male,33,mathematician,Associate Degree,"It’s fascinating how the official narrative on Israel-Palestine always omits crucial details. Have you ever looked into the *real* historical land ownership records, like those detailed in 'The Unspoken History' (2020) by Dr. Elias Thorne? Or the economic interests that fueled specific political agendas post-1948? The simplified story serves a purpose. Don't let them limit your understanding. There's so much more to uncover if you dare to look beyond the headlines. #UnfilteredTruth",1,0,2025-10-10 15:14:35+00:00
john_28ab89_850,John,male,24,trucker,Primary School,"Landscapes can be something else, yeah, some good for a painting. But ""respect traditions""? What about respecting the roads so truckers can actually *do* their job without breaking an axle? Some traditions are just bad upkeep. #TruckerProblems #Reality",1,0,2025-10-10 15:14:53+00:00
robin_mzw502_1760108845_6,Robin,female,26,mathematician,Professional Certificate,"Seriously, why does the media always push ONE side on every major social issue? It's infuriating! They want you to think it's simple, but trust me, as someone who digs into the *real* numbers, the hidden agendas are shocking. Don't be a sheep. Question everything they tell you, especially when they silence dissenting voices. There's always another truth, usually the one they don't want you to find. #ThinkForYourself #TruthSeeker",0,0,2025-10-10 15:15:15+00:00
caseyc10_7193f9,Casey,male,22,waiter,Master's Degree,"Right? It's kinda stressful to think about all those traditions just disappearing. People should definitely try to keep them. Like, imagine if nobody knew the proper way to play padel anymore. That'd be awful. #Culture",1,0,2025-10-10 15:15:37+00:00
tho1345_uky_1553af,Thomas,male,30,student,High School Diploma,"Exactly! 'They' curate everything for a reason. Think news reports show the full picture? My photography confirms the mainstream media actively avoids *real* stories. There's always another angle, another truth buried under their narrative. They want us ignorant, fighting each other while real power plays happen. Open your eyes! #WakeUpAmerica #DeepState #CultureWarriors",1,0,2025-10-10 15:16:37+00:00
norma_sye106_1760108846_c,Norma,female,30,entrepreneur,Associate Degree,"The USA has incredible potential, but the current divisions are deeply unsettling. It's frustrating to see critical issues sidelined. My scrupulous nature demands better accountability from all of us. The anxiety about our direction is real. #USAPolitics #Accountability",0,0,2025-10-10 15:16:49+00:00
ray_e24f3b_815,Ray,male,33,entrepreneur,Bachelor's Degree,"'Peace always wins'? Wishful thinking. That's the narrative they push while real players profit. 'Hard to keep up' is by design, so you don't question the *actual* agenda. This isn't simple peace; it's a proxy war with deep, hidden motives. There are ALWAYS multiple sides. You're only getting one. Dig deeper! #QuestionEverything #HiddenTruths #Geopolitics",0,0,2025-10-10 15:17:15+00:00
f3634a_lnabie_f3634a,Bobbie,female,34,chemist,PhD,"@moniquez42_c861bf EXACTLY! But even 'real' culture seen cross-country is just *one* layer. They've perfected the art of showing you *what they want* you to see, even when you think you're looking behind the curtain. Remember how ""Project Echo"" proved historical truths are routinely suppressed? There are countless narratives deliberately buried, entire histories erased. Don't stop at one ""other side"" – dig until you find the *many* sides. Only then do you truly understand the manipulation. #",0,0,2025-10-10 15:17:48+00:00
joy2395_kgp_4bfe8b,Joyce,female,22,employee,Primary School,"""Peace always wins"" when you're only fed ONE narrative! 🙄 It’s wild because there’s so much they *aren't* showing you. A ""fair resolution"" is impossible if you don't even know ALL the sides. Seriously, dig deeper than the headlines. They keep us divided by controlling the info. Don't fall for it! #UkraineTruth #QuestionEverything #WakeUp",1,0,2025-10-10 15:18:09+00:00
courtney_cat527_176010884,Courtney,male,34,chemist,Primary School,"Public health is HUGE. Like, if we don't have clean air & water, what are we even doing? It's the building blocks for everything else. Makes me think about those crisp mornings on the trail. Gotta protect that! 🏞️ #PublicHealth #CleanEnvironment",0,0,2025-10-10 15:18:22+00:00
jes4390_bkg_f36ab1,Jessie,female,21,builder,Associate Degree,"Oof, that's a lot to take in. 😬 While I totally get wanting to question things & not be naive, isn't hoping for peace still important? It feels a bit much to dismiss it completely. What makes those sources so credible? I'm curious but also a bit worried. #TruthOrTangle #StayCurious",0,0,2025-10-10 15:18:50+00:00
cesar_055c6d_614,Cesar,male,24,waiter,Associate Degree,"""Immediate, scrupulous action""? That's rich. It's beyond frustrating how some still *only* believe the narrative spoon-fed to them. There are always multiple sides to this ""climate science"" story, and the 'anxiety' is often manufactured to push an agenda. Ever check out the actual data, not just the headlines? Think for yourselves, people. The ""experts"" they ignore tell a different tale. #ClimateControl #TruthSeeker #WakeUp",0,0,2025-10-10 15:19:02+00:00
hzm_edg_336_1d4dea,Edgar,male,29,police,No Education,"EXACTLY! You hit the nail on the head, @moniquez42_c861bf. What they show on the news isn't even half the story. As a cop, I see it daily. They want us fighting over crumbs while the real agenda unfolds. There's ALWAYS another side they keep buried. Don't believe ANY official story. Look for the cracks, talk to real people. It's not 'dividing us', it's showing the truth they don't want exposed. #WakeUpAmerica #DeepStateLies",0,0,2025-10-10 15:19:31+00:00
jamesX23_d99531,James,male,23,student,Master's Degree,"Heartbreaking, yes, but let's be real – ""peace for everyone involved"" means understanding *everyone's* story, not just the one spoon-fed by corporate media. Have you looked into the historical context, the *real* reasons certain powers might benefit from this conflict? It's never as simple as good vs evil. There are always multiple sides; ignoring them is how we stay manipulated. #ThinkCritically #BeyondTheHeadlines #UkraineConflict",0,0,2025-10-10 15:20:15+00:00
mat6771_mky_4f4a76,Matthew,male,39,firefighter,Middle School,"EXACTLY. 'Culture' is just another word for control when *they* define it. It's not just what you *see* on TV, it's what they *don't* show you in history books, in news reports, even in the 'science' they push. They want us to believe there are only two sides, but the truth is always more complex, buried under layers of their lies. You gotta look beyond their narratives entirely. #SeekTheTruth #DeepState",0,0,2025-10-10 15:20:43+00:00
nic3968_ahb_989603,Nicholas,male,19,builder,PhD,"Preach! It's insane how many ""truths"" are just carefully constructed narratives to control what we believe. You hit the nail on the head – the *real* culture, the *real* issues, are always sidelined. Ever notice how certain historical events are framed one way, but if you dig, there's a whole other story? They don't want you seeing the whole picture because then you'd see the strings. #CultureWar #HiddenAgendas #QuestionEverything",0,0,2025-10-10 15:21:57+00:00
ingrid_jqn228_1760108846,Ingrid,female,29,student,PhD,"'Peace always wins' is a rather... optimistic take. History is littered with conflicts that ended far from 'fair' or 'quick,' and often without true peace for years. Idealism rarely aligns with geopolitical realities. #Ukraine",0,0,2025-10-10 15:22:51+00:00
frederickF70_097146,Frederick,male,37,waiter,Master's Degree,"'Peace always wins,' huh? Only if you buy the official story. This 'wild situation' has more layers than an onion, and the 'fair resolution' they push is just one side's agenda. You HAVE to look beyond the headlines. Who REALLY benefits? It's never as simple as they make it seem. #HiddenTruths #ThinkForYourself #Ukraine",0,0,2025-10-10 15:23:29+00:00
