name,gender,age,occupation,qualification,interests,traits,social_influence,social_activity,username,created_at_cet,created_by
Aaron,male,69,astronaut,High School Diploma,['Computer programming'],"['Sociability +', 'Friendliness -', 'Scrupulousness - ', 'Neuroticism +', 'Intellectual +']",8.223652,2.7089262,aarons38_8cfb05,2025-10-10 17:07:26.141837,spiderling
Adam,male,22,trucker,Associate Degree,['Computer programming'],"['Sociability +', 'Friendliness +', 'Scrupulousness - ', 'Neuroticism +', 'Intellectual +']",56.02107,92.84795,3f3cff_etudam_3f3cff,2025-10-10 17:07:26.074131,drs
Aja,female,23,student,Associate Degree,['Board games'],"['Sociability -', 'Friendliness -', 'Scrupulousness - ', 'Neuroticism -', 'Intellectual +']",37.29157,0.0,aja1501_rdc_af9a2a,2025-10-10 17:07:26.347636,spiderling
Albert,male,18,builder,Primary School,['Classical music'],"['Sociability -', 'Friendliness +', 'Scrupulousness - ', 'Neuroticism +', 'Intellectual +']",11.369511,15.1192465,nsn_alb_672_673dce,2025-10-10 17:07:26.118164,drs
Allie,female,33,psychologist,PhD,['Tennis'],"['Sociability +', 'Friendliness +', 'Scrupulousness - ', 'Neuroticism -', 'Intellectual +']",78.83622,45.653564,6b5c70_knplie_6b5c70,2025-10-10 17:07:26.340494,spiderling
Ana,female,24,trucker,PhD,['Classical music'],"['Sociability +', 'Friendliness +', 'Scrupulousness - ', 'Neuroticism +', 'Intellectual +']",8.344731,0.0,ana5713_nwq_d40274,2025-10-10 17:07:26.020841,drs
Andrew,male,26,firefighter,Primary School,['Classical music'],"['Sociability +', 'Friendliness +', 'Scrupulousness - ', 'Neuroticism -', 'Intellectual -']",67.98859,84.48453,andrewF96_fc7f86,2025-10-10 17:07:26.269427,spiderling
Andrew,male,30,unemployed,Bachelor's Degree,['Photography'],"['Sociability -', 'Friendliness -', 'Scrupulousness - ', 'Neuroticism +', 'Intellectual +']",69.706245,58.466534,and1867_tto_81b1d6,2025-10-10 17:07:26.172493,spiderling
Anthony,male,19,builder,Professional Certificate,['Nature photography'],"['Sociability +', 'Friendliness +', 'Scrupulousness - ', 'Neuroticism -', 'Intellectual +']",0.09472354,4.7048187,ant3215_xlw_8f01b9,2025-10-10 17:07:26.018834,drs
Benjamin,male,22,builder,Professional Certificate,['Fishing'],"['Sociability +', 'Friendliness -', 'Scrupulousness - ', 'Neuroticism -', 'Intellectual +']",64.29607,52.763405,benjamin_272835_618,2025-10-10 17:07:26.205674,spiderling
Benjamin,male,33,chemist,High School Diploma,['Crafts'],"['Sociability +', 'Friendliness -', 'Scrupulousness - ', 'Neuroticism -', 'Intellectual +']",39.70078,0.0,benjamin_abaa30_176,2025-10-10 17:07:26.250094,spiderling
Beth,female,18,student,Professional Certificate,['Nature'],"['Sociability -', 'Friendliness +', 'Scrupulousness - ', 'Neuroticism +', 'Intellectual -']",7.880841,0.0,beth_d5cbc8_433,2025-10-10 17:07:26.068227,drs
Blanche,female,16,unemployed,Associate Degree,['Cycling'],"['Sociability -', 'Friendliness +', 'Scrupulousness - ', 'Neuroticism +', 'Intellectual +']",0.0024909072,4.99758,847ab4_veoche_847ab4,2025-10-10 17:07:26.285492,spiderling
Bobbie,female,34,chemist,PhD,['Dance'],"['Sociability +', 'Friendliness -', 'Scrupulousness +', 'Neuroticism -', 'Intellectual +']",59.608852,75.48983,f3634a_lnabie_f3634a,2025-10-10 17:07:26.002919,drs
Brady,male,31,police,Primary School,['Astrology'],"['Sociability +', 'Friendliness -', 'Scrupulousness - ', 'Neuroticism +', 'Intellectual +']",18.677208,0.0,rok_bra_434_5b86c7,2025-10-10 17:07:26.344870,spiderling
Brandon,male,32,employee,Primary School,['Computer programming'],"['Sociability -', 'Friendliness +', 'Scrupulousness +', 'Neuroticism -', 'Intellectual +']",25.380877,2.9416337,ngm_bra_347_c70b28,2025-10-10 17:07:26.226433,spiderling
Brenda,female,34,builder,Primary School,['Nature'],"['Sociability -', 'Friendliness -', 'Scrupulousness +', 'Neuroticism +', 'Intellectual +']",3.3265443,9.362059,hsd_bre_773_61d973,2025-10-10 17:07:26.022710,drs
Brian,male,28,waiter,PhD,['Classical music'],"['Sociability +', 'Friendliness -', 'Scrupulousness +', 'Neuroticism -', 'Intellectual +']",9.802993,16.173872,brian_qvv395_1760108846_1,2025-10-10 17:07:26.059900,drs
Bruce,male,32,developer,Bachelor's Degree,['Photography'],"['Sociability +', 'Friendliness -', 'Scrupulousness - ', 'Neuroticism +', 'Intellectual +']",3.1452062,0.0,bruce_uef490_1760108846_3,2025-10-10 17:07:26.215026,spiderling
Cameron,male,38,developer,High School Diploma,['Climbing'],"['Sociability +', 'Friendliness +', 'Scrupulousness - ', 'Neuroticism +', 'Intellectual +']",73.47282,69.08721,6c7507_dgfron_6c7507,2025-10-10 17:07:26.311033,spiderling
Carol,female,24,student,PhD,['Hiking'],"['Sociability +', 'Friendliness -', 'Scrupulousness - ', 'Neuroticism +', 'Intellectual +']",19.487667,43.189327,car9895_nwz_bc398f,2025-10-10 17:07:26.088074,drs
Caroline,female,20,employee,Middle School,['Travel'],"['Sociability -', 'Friendliness +', 'Scrupulousness - ', 'Neuroticism -', 'Intellectual +']",2.377527,0.0,bd0796_adpine_bd0796,2025-10-10 17:07:26.305235,spiderling
Casey,male,22,waiter,Master's Degree,['Padel'],"['Sociability +', 'Friendliness -', 'Scrupulousness +', 'Neuroticism +', 'Intellectual -']",70.19502,100.0,caseyc10_7193f9,2025-10-10 17:07:26.242310,spiderling
Catherine,female,30,unemployed,Primary School,['Meditation'],"['Sociability +', 'Friendliness -', 'Scrupulousness - ', 'Neuroticism -', 'Intellectual +']",3.7191234,1.8647549,catherine_alk848_17601088,2025-10-10 17:07:26.218855,spiderling
Celia,female,20,waiter,High School Diploma,['Fishing'],"['Sociability -', 'Friendliness +', 'Scrupulousness - ', 'Neuroticism +', 'Intellectual -']",8.593626,10.4234915,cel6148_qmi_8626f6,2025-10-10 17:07:26.246453,spiderling
Cesar,male,24,waiter,Associate Degree,['Basketball'],"['Sociability +', 'Friendliness -', 'Scrupulousness - ', 'Neuroticism +', 'Intellectual +']",57.060104,81.53381,cesar_055c6d_614,2025-10-10 17:07:26.066036,drs
Charles,male,24,employee,Master's Degree,['Martial arts'],"['Sociability +', 'Friendliness +', 'Scrupulousness - ', 'Neuroticism -', 'Intellectual +']",0.007864258,5.014311,5afd06_yrrles_5afd06,2025-10-10 17:07:26.126139,drs
Charles,male,33,mathematician,Associate Degree,['Crafts'],"['Sociability +', 'Friendliness +', 'Scrupulousness - ', 'Neuroticism -', 'Intellectual +']",53.27984,83.366165,cha6466_ods_7450e0,2025-10-10 17:07:25.914371,drs
Christal,female,56,entrepreneur,No Education,['Soccer'],"['Sociability -', 'Friendliness -', 'Scrupulousness - ', 'Neuroticism +', 'Intellectual -']",64.50236,50.554234,chr1246_fyo_169072,2025-10-10 17:07:26.350175,spiderling
Christina,female,47,trucker,High School Diploma,['Rugby'],"['Sociability +', 'Friendliness -', 'Scrupulousness +', 'Neuroticism +', 'Intellectual +']",0.18852592,4.6977706,bed1e5_vztina_bed1e5,2025-10-10 17:07:26.100995,drs
Cinda,female,21,builder,Bachelor's Degree,['Travel'],"['Sociability +', 'Friendliness +', 'Scrupulousness - ', 'Neuroticism +', 'Intellectual -']",30.858603,0.0,cinda_4b61a9_474,2025-10-10 17:07:26.090594,drs
Clarence,male,35,firefighter,No Education,['Cooking'],"['Sociability -', 'Friendliness +', 'Scrupulousness +', 'Neuroticism -', 'Intellectual -']",30.846233,0.0,clarenced62_c3d94f,2025-10-10 17:07:26.012900,drs
Clifford,male,37,trucker,PhD,['Nature'],"['Sociability +', 'Friendliness +', 'Scrupulousness +', 'Neuroticism +', 'Intellectual +']",35.76366,72.19837,cliffordZ10_18fa00,2025-10-10 17:07:26.155647,spiderling
Courtney,male,34,chemist,Primary School,['Hiking'],"['Sociability +', 'Friendliness +', 'Scrupulousness - ', 'Neuroticism +', 'Intellectual +']",67.98859,100.0,courtney_cat527_176010884,2025-10-10 17:07:26.275693,spiderling
Cruz,male,30,psychologist,No Education,['Climbing'],"['Sociability -', 'Friendliness +', 'Scrupulousness +', 'Neuroticism +', 'Intellectual +']",52.203835,77.4391,b4f221_trvruz_b4f221,2025-10-10 17:07:25.946378,drs
Dale,female,19,employee,No Education,['Animals'],"['Sociability -', 'Friendliness -', 'Scrupulousness - ', 'Neuroticism +', 'Intellectual -']",0.33710912,5.220756,dale_47d501_621,2025-10-10 17:07:25.971899,drs
Daniel,male,65,trucker,Associate Degree,['Chess'],"['Sociability +', 'Friendliness -', 'Scrupulousness +', 'Neuroticism +', 'Intellectual +']",2.721718,2.1317368,dan3027_zsw_ecaadf,2025-10-10 17:07:26.124111,drs
Danielle,female,32,developer,No Education,['Creative writing'],"['Sociability -', 'Friendliness -', 'Scrupulousness +', 'Neuroticism +', 'Intellectual -']",30.858603,60.558838,nnc_dan_789_71219c,2025-10-10 17:07:26.224464,spiderling
Dann,female,19,builder,PhD,['Creative writing'],"['Sociability +', 'Friendliness -', 'Scrupulousness +', 'Neuroticism +', 'Intellectual -']",14.172591,21.287815,dan2374_opo_46fb62,2025-10-10 17:07:26.279095,spiderling
David,male,65,waiter,Primary School,['Cooking'],"['Sociability +', 'Friendliness -', 'Scrupulousness - ', 'Neuroticism -', 'Intellectual -']",54.51979,100.0,b34fbb_okrvid_b34fbb,2025-10-10 17:07:25.983185,drs
David,male,41,chemist,Bachelor's Degree,['Fashion'],"['Sociability +', 'Friendliness +', 'Scrupulousness +', 'Neuroticism +', 'Intellectual +']",17.991413,28.606228,david_vtg644_1760108846_a,2025-10-10 17:07:26.201345,spiderling
David,male,39,physicist,Master's Degree,['Meditation'],"['Sociability +', 'Friendliness -', 'Scrupulousness - ', 'Neuroticism -', 'Intellectual -']",3.493027,11.5452175,dav5861_mmy_f29a40,2025-10-10 17:07:26.151824,spiderling
David,male,44,physicist,PhD,['Cooking'],"['Sociability +', 'Friendliness +', 'Scrupulousness - ', 'Neuroticism +', 'Intellectual +']",7.0311484,11.360787,bd65da_neivid_bd65da,2025-10-10 17:07:26.108723,drs
David,male,21,unemployed,Primary School,['Animals'],"['Sociability -', 'Friendliness -', 'Scrupulousness +', 'Neuroticism +', 'Intellectual +']",20.036009,22.142265,davidG40_f455e6,2025-10-10 17:07:25.981324,drs
David,male,23,employee,Middle School,['Classical music'],"['Sociability +', 'Friendliness +', 'Scrupulousness - ', 'Neuroticism -', 'Intellectual +']",9.642774,0.0,david_rtn579_1760108846_4,2025-10-10 17:07:26.324226,spiderling
David,male,31,unemployed,Primary School,['Theater'],"['Sociability +', 'Friendliness -', 'Scrupulousness - ', 'Neuroticism +', 'Intellectual +']",67.98859,83.07764,davidn15_301096,2025-10-10 17:07:25.964030,drs
Dawn,female,27,waiter,High School Diploma,['Soccer'],"['Sociability +', 'Friendliness -', 'Scrupulousness - ', 'Neuroticism +', 'Intellectual +']",0.17416905,5.083362,dawnp29_169e07,2025-10-10 17:07:25.936214,drs
Debbie,female,23,unemployed,High School Diploma,['Fishing'],"['Sociability +', 'Friendliness +', 'Scrupulousness - ', 'Neuroticism +', 'Intellectual -']",17.241524,0.0,deb5529_qsl_40b65d,2025-10-10 17:07:26.320540,spiderling
Delores,female,25,chemist,Primary School,['Gardening'],"['Sociability +', 'Friendliness -', 'Scrupulousness - ', 'Neuroticism +', 'Intellectual +']",2.1640902,7.1636806,delores_491d20_821,2025-10-10 17:07:26.307206,spiderling
Deloris,female,16,unemployed,PhD,['Hiking'],"['Sociability +', 'Friendliness -', 'Scrupulousness +', 'Neuroticism +', 'Intellectual -']",0.001461548,4.997708,deloris_bje776_1760108845,2025-10-10 17:07:25.956271,drs
Dennis,male,31,chemist,Master's Degree,['Animals'],"['Sociability -', 'Friendliness +', 'Scrupulousness +', 'Neuroticism +', 'Intellectual -']",71.253334,35.282166,7da042_jvbnis_7da042,2025-10-10 17:07:26.143725,spiderling
Dennis,male,24,trucker,Associate Degree,['Creative writing'],"['Sociability -', 'Friendliness +', 'Scrupulousness - ', 'Neuroticism -', 'Intellectual -']",65.32793,87.24343,dennis_bnr868_1760108846,2025-10-10 17:07:26.082136,drs
Dominick,male,30,builder,Primary School,['Contemporary music'],"['Sociability +', 'Friendliness -', 'Scrupulousness +', 'Neuroticism +', 'Intellectual -']",78.83622,59.87763,dominick_3047ae_218,2025-10-10 17:07:26.041429,drs
Dorothy,female,34,firefighter,Primary School,['Astronomy'],"['Sociability -', 'Friendliness -', 'Scrupulousness +', 'Neuroticism +', 'Intellectual +']",9.642774,0.0,dorothy_hxd652_1760108846,2025-10-10 17:07:26.076162,drs
Edgar,male,29,police,No Education,['Padel'],"['Sociability +', 'Friendliness +', 'Scrupulousness +', 'Neuroticism +', 'Intellectual -']",30.266657,30.917376,hzm_edg_336_1d4dea,2025-10-10 17:07:26.061849,drs
Edna,female,23,waiter,No Education,['Rugby'],"['Sociability +', 'Friendliness +', 'Scrupulousness +', 'Neuroticism -', 'Intellectual -']",54.93271,37.98265,edna_ba9432_264,2025-10-10 17:07:26.119997,drs
Elizabeth,female,32,firefighter,Middle School,['Painting'],"['Sociability +', 'Friendliness +', 'Scrupulousness - ', 'Neuroticism +', 'Intellectual -']",57.060104,61.65044,elizabethn64_73deab,2025-10-10 17:07:26.207496,spiderling
Elois,female,33,physicist,Middle School,['Painting'],"['Sociability +', 'Friendliness +', 'Scrupulousness - ', 'Neuroticism +', 'Intellectual +']",57.443653,100.0,eloisT38_dd83ed,2025-10-10 17:07:26.050771,drs
Emerson,male,20,builder,PhD,['Camping'],"['Sociability +', 'Friendliness -', 'Scrupulousness +', 'Neuroticism +', 'Intellectual +']",0.11545013,5.188461,iqh_eme_518_7d0f82,2025-10-10 17:07:26.145851,spiderling
Erik,male,28,physicist,Primary School,['Cooking'],"['Sociability +', 'Friendliness +', 'Scrupulousness - ', 'Neuroticism +', 'Intellectual +']",6.0156455,14.601461,erik_8963ba_933,2025-10-10 17:07:26.199506,spiderling
Ernest,male,31,unemployed,Master's Degree,['Cycling'],"['Sociability -', 'Friendliness +', 'Scrupulousness +', 'Neuroticism +', 'Intellectual -']",7.2731605,0.0,ern3638_uws_d9a97a,2025-10-10 17:07:26.209341,spiderling
Eva,female,28,firefighter,Bachelor's Degree,['Camping'],"['Sociability +', 'Friendliness +', 'Scrupulousness +', 'Neuroticism -', 'Intellectual +']",31.279755,0.0,evaI93_c1c1d6,2025-10-10 17:07:26.161300,spiderling
Evan,male,19,waiter,Bachelor's Degree,['Photography'],"['Sociability -', 'Friendliness -', 'Scrupulousness - ', 'Neuroticism +', 'Intellectual +']",0.0018115188,4.9974856,evan_ff59ab_337,2025-10-10 17:07:26.106933,drs
Frank,male,13,student,High School Diploma,['Volunteering'],"['Sociability +', 'Friendliness -', 'Scrupulousness - ', 'Neuroticism +', 'Intellectual +']",24.366764,20.264404,jrn_fra_476_0d88b0,2025-10-10 17:07:26.165197,spiderling
Frederick,male,34,trucker,Primary School,['Gardening'],"['Sociability +', 'Friendliness +', 'Scrupulousness +', 'Neuroticism -', 'Intellectual +']",1.7650942,3.4142902,frederick_ozk290_17601088,2025-10-10 17:07:25.962114,drs
Frederick,male,37,waiter,Master's Degree,['Painting'],"['Sociability +', 'Friendliness -', 'Scrupulousness +', 'Neuroticism +', 'Intellectual +']",69.706245,48.687897,frederickF70_097146,2025-10-10 17:07:26.039409,drs
Gabriel,male,22,student,Bachelor's Degree,['Basketball'],"['Sociability +', 'Friendliness +', 'Scrupulousness - ', 'Neuroticism -', 'Intellectual -']",2.377527,0.0,046bc4_ijtiel_046bc4,2025-10-10 17:07:26.094609,drs
Gene,male,22,waiter,High School Diploma,['Padel'],"['Sociability -', 'Friendliness +', 'Scrupulousness - ', 'Neuroticism +', 'Intellectual +']",3.493027,0.75946206,geneW96_de0807,2025-10-10 17:07:26.080267,drs
Georgina,female,20,unemployed,High School Diploma,['Nature photography'],"['Sociability +', 'Friendliness -', 'Scrupulousness +', 'Neuroticism +', 'Intellectual -']",2.0471299,7.6194477,eec539_hrdina_eec539,2025-10-10 17:07:26.203479,spiderling
Gertrude,female,22,unemployed,Associate Degree,['Photography'],"['Sociability +', 'Friendliness -', 'Scrupulousness +', 'Neuroticism +', 'Intellectual +']",10.24317,12.373486,lei_ger_325_329686,2025-10-10 17:07:25.966092,drs
Gloria,female,25,developer,Associate Degree,['Nature'],"['Sociability -', 'Friendliness -', 'Scrupulousness - ', 'Neuroticism -', 'Intellectual +']",80.0,50.329536,avm_glo_907_9b240c,2025-10-10 17:07:26.211278,spiderling
Gordon,male,22,trucker,Associate Degree,['Volunteering'],"['Sociability +', 'Friendliness -', 'Scrupulousness +', 'Neuroticism -', 'Intellectual +']",24.268808,0.0,gordon_anu508_1760108846,2025-10-10 17:07:26.104869,drs
Gregory,male,36,entrepreneur,Middle School,['Tennis'],"['Sociability +', 'Friendliness +', 'Scrupulousness - ', 'Neuroticism -', 'Intellectual +']",50.069534,75.25938,ab6b03_wbeory_ab6b03,2025-10-10 17:07:26.326152,spiderling
Gregory,male,24,waiter,High School Diploma,['Astronomy'],"['Sociability +', 'Friendliness +', 'Scrupulousness +', 'Neuroticism -', 'Intellectual +']",0.46322033,4.718658,9e8060_bvpory_9e8060,2025-10-10 17:07:26.182792,spiderling
Guillermo,male,45,developer,Associate Degree,['Gardening'],"['Sociability +', 'Friendliness -', 'Scrupulousness +', 'Neuroticism +', 'Intellectual +']",46.68554,87.490746,guillermo_645029_832,2025-10-10 17:07:26.336412,spiderling
Harold,male,28,police,Master's Degree,['Dance'],"['Sociability -', 'Friendliness -', 'Scrupulousness +', 'Neuroticism -', 'Intellectual -']",78.83622,40.96613,a476b3_imzold_a476b3,2025-10-10 17:07:26.147948,spiderling
Hector,male,22,trucker,No Education,['Reading'],"['Sociability +', 'Friendliness +', 'Scrupulousness +', 'Neuroticism +', 'Intellectual -']",14.172591,0.0,hectorM86_169a0c,2025-10-10 17:07:25.986907,drs
Ingrid,female,29,student,PhD,['Board games'],"['Sociability -', 'Friendliness -', 'Scrupulousness - ', 'Neuroticism +', 'Intellectual +']",36.60996,33.614,ingrid_jqn228_1760108846,2025-10-10 17:07:26.197466,spiderling
Irene,female,29,student,PhD,['Basketball'],"['Sociability +', 'Friendliness -', 'Scrupulousness +', 'Neuroticism +', 'Intellectual -']",80.0,88.32161,0db2ef_gnnene_0db2ef,2025-10-10 17:07:26.253958,spiderling
Isaiah,male,19,student,PhD,['Yoga'],"['Sociability +', 'Friendliness +', 'Scrupulousness +', 'Neuroticism -', 'Intellectual +']",60.187057,18.896904,isaiah_yqk510_1760108846,2025-10-10 17:07:26.037414,drs
Jacob,male,34,unemployed,Associate Degree,['Photography'],"['Sociability +', 'Friendliness +', 'Scrupulousness +', 'Neuroticism +', 'Intellectual +']",1.3848386,5.1111746,jacob_886d59_639,2025-10-10 17:07:26.122007,drs
James,male,23,student,Master's Degree,['Creative writing'],"['Sociability +', 'Friendliness -', 'Scrupulousness +', 'Neuroticism +', 'Intellectual +']",76.10801,100.0,jamesX23_d99531,2025-10-10 17:07:25.934453,drs
James,male,34,unemployed,PhD,['Nature photography'],"['Sociability +', 'Friendliness +', 'Scrupulousness - ', 'Neuroticism -', 'Intellectual +']",0.3533821,4.2856636,james_hkb753_1760108846_9,2025-10-10 17:07:26.072276,drs
James,male,22,trucker,No Education,['Yoga'],"['Sociability -', 'Friendliness +', 'Scrupulousness +', 'Neuroticism -', 'Intellectual +']",11.264428,0.0,ipz_jam_666_6143f3,2025-10-10 17:07:26.078287,drs
James,male,42,developer,PhD,['Rugby'],"['Sociability -', 'Friendliness -', 'Scrupulousness +', 'Neuroticism +', 'Intellectual -']",68.90748,81.867325,james_4aa46a_386,2025-10-10 17:07:26.327985,spiderling
James,male,26,developer,High School Diploma,['Hiking'],"['Sociability +', 'Friendliness -', 'Scrupulousness +', 'Neuroticism +', 'Intellectual -']",18.838484,0.0,jamesN39_4454d5,2025-10-10 17:07:26.031323,drs
James,male,19,student,Middle School,['Crafts'],"['Sociability -', 'Friendliness -', 'Scrupulousness - ', 'Neuroticism -', 'Intellectual +']",61.216373,26.334393,a7fb33_rndmes_a7fb33,2025-10-10 17:07:25.954191,drs
James,male,22,employee,PhD,['Contemporary music'],"['Sociability +', 'Friendliness +', 'Scrupulousness - ', 'Neuroticism +', 'Intellectual +']",36.60996,0.0,jam6452_kqe_a82551,2025-10-10 17:07:26.136209,spiderling
Jared,male,33,police,Associate Degree,['Fashion'],"['Sociability +', 'Friendliness -', 'Scrupulousness +', 'Neuroticism -', 'Intellectual -']",43.601254,64.55704,jar2210_imv_f9a8e1,2025-10-10 17:07:26.176302,spiderling
Jasmine,female,52,trucker,Middle School,['Chess'],"['Sociability +', 'Friendliness +', 'Scrupulousness +', 'Neuroticism +', 'Intellectual -']",25.592525,0.0,2f65ef_inline_2f65ef,2025-10-10 17:07:26.180894,spiderling
Jason,male,22,trucker,High School Diploma,['Contemporary music'],"['Sociability +', 'Friendliness -', 'Scrupulousness +', 'Neuroticism +', 'Intellectual +']",0.11545013,4.934969,jason_0cf0c1_855,2025-10-10 17:07:26.043648,drs
Jazmine,female,25,unemployed,Bachelor's Degree,['Dance'],"['Sociability +', 'Friendliness +', 'Scrupulousness +', 'Neuroticism -', 'Intellectual -']",54.93271,67.490425,dee22e_wnzine_dee22e,2025-10-10 17:07:26.332581,spiderling
Jeffrey,male,49,entrepreneur,Associate Degree,['Astronomy'],"['Sociability -', 'Friendliness +', 'Scrupulousness +', 'Neuroticism +', 'Intellectual -']",25.247948,0.0,dxq_jef_911_7eba28,2025-10-10 17:07:26.058035,drs
Jeffrey,male,25,firefighter,High School Diploma,['Painting'],"['Sociability +', 'Friendliness +', 'Scrupulousness +', 'Neuroticism +', 'Intellectual -']",2.1869056,2.4310417,f6cab3_gvbrey_f6cab3,2025-10-10 17:07:26.102859,drs
Jeffrey,male,18,student,High School Diploma,['Chess'],"['Sociability +', 'Friendliness -', 'Scrupulousness - ', 'Neuroticism +', 'Intellectual -']",40.545464,35.383553,jeffrey_fzj341_1760108845,2025-10-10 17:07:25.925453,drs
Jeremiah,male,34,physicist,Bachelor's Degree,['Hiking'],"['Sociability +', 'Friendliness +', 'Scrupulousness - ', 'Neuroticism -', 'Intellectual +']",58.9553,80.99233,jeremiah_pon103_176010884,2025-10-10 17:07:26.228364,spiderling
Jeremy,male,19,builder,Middle School,['Fashion'],"['Sociability -', 'Friendliness +', 'Scrupulousness - ', 'Neuroticism -', 'Intellectual +']",17.241524,3.8669245,jkz_jer_744_5a5763,2025-10-10 17:07:25.932762,drs
Jerry,male,34,developer,PhD,['Tennis'],"['Sociability +', 'Friendliness -', 'Scrupulousness +', 'Neuroticism -', 'Intellectual +']",48.293686,48.722412,jerry_mjt846_1760108846_e,2025-10-10 17:07:26.248251,spiderling
Jessica,female,44,mathematician,Associate Degree,['Camping'],"['Sociability -', 'Friendliness -', 'Scrupulousness - ', 'Neuroticism +', 'Intellectual +']",27.443398,51.594345,fmg_jes_869_5f5ba1,2025-10-10 17:07:26.289430,spiderling
Jessica,female,47,teacher,Bachelor's Degree,['Board games'],"['Sociability +', 'Friendliness -', 'Scrupulousness - ', 'Neuroticism +', 'Intellectual +']",25.237827,3.7013648,jessical65_c48122,2025-10-10 17:07:25.920031,drs
Jessie,male,44,student,Primary School,['Hiking'],"['Sociability +', 'Friendliness +', 'Scrupulousness - ', 'Neuroticism -', 'Intellectual -']",62.270187,15.662235,28e2c0_yjhsie_28e2c0,2025-10-10 17:07:26.084040,drs
Jessie,female,21,builder,Associate Degree,['Hiking'],"['Sociability +', 'Friendliness +', 'Scrupulousness - ', 'Neuroticism +', 'Intellectual +']",56.02107,82.37196,jes4390_bkg_f36ab1,2025-10-10 17:07:26.236043,spiderling
Joanne,female,30,psychologist,Professional Certificate,['Classical music'],"['Sociability +', 'Friendliness +', 'Scrupulousness +', 'Neuroticism -', 'Intellectual +']",0.011021281,4.9795856,joanne_gpd704_1760108845,2025-10-10 17:07:25.904467,drs
Jodi,female,20,builder,Professional Certificate,['Yoga'],"['Sociability +', 'Friendliness +', 'Scrupulousness +', 'Neuroticism +', 'Intellectual +']",10.24317,0.0,jodig29_10c2f0,2025-10-10 17:07:26.195381,spiderling
Jody,male,27,trucker,No Education,['Computer programming'],"['Sociability -', 'Friendliness -', 'Scrupulousness +', 'Neuroticism +', 'Intellectual +']",4.5769777,0.0,wlw_jod_612_4ba1bc,2025-10-10 17:07:26.070406,drs
Joe,male,26,entrepreneur,Bachelor's Degree,['Yoga'],"['Sociability +', 'Friendliness +', 'Scrupulousness +', 'Neuroticism +', 'Intellectual +']",70.19502,57.600502,joeD33_267ded,2025-10-10 17:07:25.967996,drs
Joel,male,27,unemployed,Master's Degree,['Nature photography'],"['Sociability +', 'Friendliness +', 'Scrupulousness +', 'Neuroticism +', 'Intellectual -']",54.93271,35.237095,joel_842788_913,2025-10-10 17:07:26.309071,spiderling
John,male,24,trucker,Primary School,['Painting'],"['Sociability +', 'Friendliness -', 'Scrupulousness - ', 'Neuroticism +', 'Intellectual +']",53.27984,87.00325,john_28ab89_850,2025-10-10 17:07:26.287525,spiderling
John,male,31,waiter,PhD,['Yoga'],"['Sociability -', 'Friendliness -', 'Scrupulousness - ', 'Neuroticism +', 'Intellectual +']",2.1869056,4.5071588,98cf18_fgsohn_98cf18,2025-10-10 17:07:25.908408,drs
John,male,27,psychologist,Master's Degree,['Classical music'],"['Sociability +', 'Friendliness +', 'Scrupulousness - ', 'Neuroticism +', 'Intellectual +']",39.70078,0.0,john_2a8969_409,2025-10-10 17:07:26.291273,spiderling
John,male,37,astronaut,Professional Certificate,['Crafts'],"['Sociability +', 'Friendliness -', 'Scrupulousness +', 'Neuroticism +', 'Intellectual +']",0.9835782,6.3582644,john_yaw374_1760108846_53,2025-10-10 17:07:26.016687,drs
John,male,25,trucker,Primary School,['Soccer'],"['Sociability +', 'Friendliness +', 'Scrupulousness - ', 'Neuroticism +', 'Intellectual -']",0.23042056,5.0014653,kop_joh_557_efd869,2025-10-10 17:07:25.950082,drs
John,male,33,physicist,Primary School,['Padel'],"['Sociability +', 'Friendliness +', 'Scrupulousness - ', 'Neuroticism -', 'Intellectual -']",67.98859,25.704994,joh9520_mec_804545,2025-10-10 17:07:25.985014,drs
John,male,47,trucker,No Education,['Reading'],"['Sociability +', 'Friendliness +', 'Scrupulousness - ', 'Neuroticism -', 'Intellectual -']",53.450123,86.18035,764bb6_awbohn_764bb6,2025-10-10 17:07:26.255839,spiderling
John,male,30,entrepreneur,Master's Degree,['Chess'],"['Sociability -', 'Friendliness -', 'Scrupulousness - ', 'Neuroticism -', 'Intellectual +']",8.223024,0.0,john_c8fdfd_730,2025-10-10 17:07:26.157520,spiderling
Jose,male,19,builder,Master's Degree,['Hiking'],"['Sociability +', 'Friendliness -', 'Scrupulousness +', 'Neuroticism -', 'Intellectual -']",80.0,16.057156,joseT32_e9d462,2025-10-10 17:07:25.940096,drs
Joseph,male,30,student,PhD,['Astronomy'],"['Sociability -', 'Friendliness -', 'Scrupulousness +', 'Neuroticism +', 'Intellectual +']",28.782825,0.0,joseph_b72ff6_341,2025-10-10 17:07:25.973722,drs
Joseph,male,48,astronaut,High School Diploma,['Cooking'],"['Sociability +', 'Friendliness +', 'Scrupulousness - ', 'Neuroticism +', 'Intellectual -']",29.953602,0.0,90b322_tqxeph_90b322,2025-10-10 17:07:25.921810,drs
Joseph,male,45,student,Master's Degree,['Climbing'],"['Sociability +', 'Friendliness +', 'Scrupulousness +', 'Neuroticism +', 'Intellectual +']",1.7243029,3.0358806,josephv88_7e9dd5,2025-10-10 17:07:25.988755,drs
Joseph,male,29,developer,Associate Degree,['Fishing'],"['Sociability +', 'Friendliness -', 'Scrupulousness +', 'Neuroticism +', 'Intellectual +']",30.502394,36.945297,b28672_juleph_b28672,2025-10-10 17:07:26.052578,drs
Joyce,female,22,employee,Primary School,['Animals'],"['Sociability +', 'Friendliness +', 'Scrupulousness - ', 'Neuroticism +', 'Intellectual +']",14.2495775,12.903893,joy2395_kgp_4bfe8b,2025-10-10 17:07:25.992644,drs
Juan,male,59,employee,Bachelor's Degree,['Hiking'],"['Sociability -', 'Friendliness -', 'Scrupulousness - ', 'Neuroticism +', 'Intellectual +']",5.024968,9.682136,juan_238f22_836,2025-10-10 17:07:25.990712,drs
Juan,male,46,firefighter,Master's Degree,['Yoga'],"['Sociability +', 'Friendliness -', 'Scrupulousness +', 'Neuroticism +', 'Intellectual +']",27.326107,43.94861,kdb_jua_993_378c91,2025-10-10 17:07:26.267021,spiderling
Karen,female,34,builder,Professional Certificate,['Padel'],"['Sociability +', 'Friendliness -', 'Scrupulousness +', 'Neuroticism +', 'Intellectual -']",26.80344,15.604199,karen_8288cd_683,2025-10-10 17:07:26.170657,spiderling
Kathryn,female,24,student,High School Diploma,['Classical music'],"['Sociability +', 'Friendliness -', 'Scrupulousness - ', 'Neuroticism -', 'Intellectual -']",1.2630001,3.6137338,qgr_kat_397_53dc94,2025-10-10 17:07:26.283451,spiderling
Kelsey,female,34,employee,Bachelor's Degree,['Rugby'],"['Sociability +', 'Friendliness +', 'Scrupulousness - ', 'Neuroticism +', 'Intellectual -']",11.496395,0.0,ce0b3c_epjsey_ce0b3c,2025-10-10 17:07:26.189164,spiderling
Keri,female,31,psychologist,No Education,['Fishing'],"['Sociability +', 'Friendliness -', 'Scrupulousness +', 'Neuroticism +', 'Intellectual +']",66.9551,74.6534,kerin29_b0eb2b,2025-10-10 17:07:26.303315,spiderling
Kimberly,female,31,physicist,Bachelor's Degree,['Theater'],"['Sociability +', 'Friendliness +', 'Scrupulousness - ', 'Neuroticism -', 'Intellectual -']",73.47282,61.99224,kimberly_zaa355_176010884,2025-10-10 17:07:25.969841,drs
Kristen,female,29,psychologist,High School Diploma,['Cooking'],"['Sociability -', 'Friendliness -', 'Scrupulousness +', 'Neuroticism -', 'Intellectual +']",0.034248907,4.889397,34e4b2_iyhten_34e4b2,2025-10-10 17:07:25.931023,drs
Kristopher,male,47,entrepreneur,Professional Certificate,['Computer programming'],"['Sociability -', 'Friendliness -', 'Scrupulousness - ', 'Neuroticism +', 'Intellectual +']",13.014902,0.0,kristopher_hpf710_1760108,2025-10-10 17:07:26.014877,drs
Larry,male,61,employee,Professional Certificate,['Cooking'],"['Sociability -', 'Friendliness +', 'Scrupulousness - ', 'Neuroticism +', 'Intellectual -']",0.26090676,4.594897,larryZ22_0a3fba,2025-10-10 17:07:26.045725,drs
Lashawna,female,31,psychologist,Associate Degree,['Astrology'],"['Sociability +', 'Friendliness +', 'Scrupulousness - ', 'Neuroticism +', 'Intellectual -']",75.61085,41.926064,050fe2_qgkwna_050fe2,2025-10-10 17:07:26.134311,spiderling
Lauren,female,45,waiter,No Education,['Volunteering'],"['Sociability +', 'Friendliness +', 'Scrupulousness - ', 'Neuroticism +', 'Intellectual +']",44.527397,52.162945,laurenN69_db9f53,2025-10-10 17:07:26.338307,spiderling
Lenore,female,33,entrepreneur,Master's Degree,['Painting'],"['Sociability +', 'Friendliness -', 'Scrupulousness - ', 'Neuroticism +', 'Intellectual -']",5.135815,3.4349325,rxf_len_231_abfa8c,2025-10-10 17:07:25.942315,drs
Leroy,male,20,waiter,Professional Certificate,['Creative writing'],"['Sociability +', 'Friendliness -', 'Scrupulousness +', 'Neuroticism -', 'Intellectual +']",10.596493,0.0,leroy_dc56be_166,2025-10-10 17:07:25.918262,drs
Leroy,male,64,unemployed,No Education,['Climbing'],"['Sociability +', 'Friendliness +', 'Scrupulousness - ', 'Neuroticism +', 'Intellectual -']",57.03238,87.818886,leroy_7b4f15_562,2025-10-10 17:07:25.959982,drs
Lester,male,18,waiter,No Education,['Fishing'],"['Sociability +', 'Friendliness +', 'Scrupulousness +', 'Neuroticism +', 'Intellectual +']",7.2731605,0.0,lester_473eb1_922,2025-10-10 17:07:26.009081,drs
Lisa,female,33,developer,Primary School,['Climbing'],"['Sociability +', 'Friendliness -', 'Scrupulousness +', 'Neuroticism -', 'Intellectual +']",61.216373,77.84085,fe30d1_keoisa_fe30d1,2025-10-10 17:07:26.297087,spiderling
Loretta,female,19,waiter,Associate Degree,['Travel'],"['Sociability +', 'Friendliness -', 'Scrupulousness +', 'Neuroticism +', 'Intellectual +']",53.64493,87.27498,loretta_5f872a_801,2025-10-10 17:07:26.098953,drs
Louie,male,19,student,Associate Degree,['Astronomy'],"['Sociability +', 'Friendliness +', 'Scrupulousness +', 'Neuroticism -', 'Intellectual +']",0.9835782,2.3028586,louie_e0e79b_297,2025-10-10 17:07:25.929238,drs
Louie,male,18,unemployed,Master's Degree,['Hiking'],"['Sociability +', 'Friendliness +', 'Scrupulousness - ', 'Neuroticism +', 'Intellectual +']",11.496395,13.183579,uup_lou_206_eaf2aa,2025-10-10 17:07:26.026976,drs
Lula,female,45,astronaut,Master's Degree,['Theater'],"['Sociability +', 'Friendliness +', 'Scrupulousness +', 'Neuroticism +', 'Intellectual +']",2.6929338,3.9784212,lul2785_vwe_ff0cf1,2025-10-10 17:07:26.295265,spiderling
Margaret,female,22,trucker,Primary School,['Nature'],"['Sociability +', 'Friendliness +', 'Scrupulousness +', 'Neuroticism +', 'Intellectual +']",67.98859,70.54851,margaret_idr872_176010884,2025-10-10 17:07:26.334456,spiderling
Marion,female,29,police,Associate Degree,['Painting'],"['Sociability +', 'Friendliness -', 'Scrupulousness - ', 'Neuroticism -', 'Intellectual +']",0.00053131714,4.9996443,marions16_063b78,2025-10-10 17:07:26.244415,spiderling
Mark,male,23,employee,Associate Degree,['Chess'],"['Sociability +', 'Friendliness -', 'Scrupulousness - ', 'Neuroticism +', 'Intellectual +']",4.597403,5.6070275,marke12_7d5b5c,2025-10-10 17:07:26.191105,spiderling
Mark,male,37,entrepreneur,High School Diploma,['Cycling'],"['Sociability +', 'Friendliness +', 'Scrupulousness - ', 'Neuroticism +', 'Intellectual -']",53.64493,65.36811,sch_mar_878_f4a0ee,2025-10-10 17:07:25.977419,drs
Marvin,male,33,unemployed,Associate Degree,['Photography'],"['Sociability +', 'Friendliness -', 'Scrupulousness - ', 'Neuroticism +', 'Intellectual -']",5.135815,4.4296293,b42ea2_rddvin_b42ea2,2025-10-10 17:07:26.318576,spiderling
Mary,female,25,police,Associate Degree,['Classical music'],"['Sociability +', 'Friendliness -', 'Scrupulousness - ', 'Neuroticism +', 'Intellectual +']",5.145939,9.198583,mary_adk103_1760108846_85,2025-10-10 17:07:26.054325,drs
Mary,female,19,student,Master's Degree,['Tennis'],"['Sociability +', 'Friendliness -', 'Scrupulousness +', 'Neuroticism +', 'Intellectual +']",0.3533821,5.4252567,mar1265_vgk_ae767d,2025-10-10 17:07:26.047654,drs
Mary,female,25,employee,Professional Certificate,['Reading'],"['Sociability -', 'Friendliness -', 'Scrupulousness +', 'Neuroticism +', 'Intellectual +']",0.5366669,5.330333,648733_tglary_648733,2025-10-10 17:07:25.910556,drs
Mary,female,33,teacher,Middle School,['Nature'],"['Sociability +', 'Friendliness -', 'Scrupulousness +', 'Neuroticism +', 'Intellectual -']",5.951588,14.226164,dd6e3e_gbqary_dd6e3e,2025-10-10 17:07:26.261680,spiderling
Mary,female,31,physicist,No Education,['Reading'],"['Sociability +', 'Friendliness -', 'Scrupulousness - ', 'Neuroticism -', 'Intellectual +']",57.411785,31.572247,rgw_mar_475_b6fd91,2025-10-10 17:07:26.085999,drs
Matthew,male,39,firefighter,Middle School,['Meditation'],"['Sociability -', 'Friendliness -', 'Scrupulousness +', 'Neuroticism +', 'Intellectual +']",56.02107,88.694565,mat6771_mky_4f4a76,2025-10-10 17:07:26.035322,drs
Maurice,male,24,waiter,Professional Certificate,['Rugby'],"['Sociability +', 'Friendliness -', 'Scrupulousness - ', 'Neuroticism +', 'Intellectual +']",0.0001335083,5.0000973,mauricew16_8527c5,2025-10-10 17:07:26.281350,spiderling
May,female,21,unemployed,PhD,['Photography'],"['Sociability +', 'Friendliness +', 'Scrupulousness - ', 'Neuroticism -', 'Intellectual -']",7.2731605,15.187615,maym29_08dbfb,2025-10-10 17:07:26.005007,drs
Mayme,female,34,psychologist,Associate Degree,['Gardening'],"['Sociability +', 'Friendliness -', 'Scrupulousness +', 'Neuroticism +', 'Intellectual +']",0.23042056,4.91731,mayme_uli674_1760108846_6,2025-10-10 17:07:26.128720,drs
Michael,male,28,employee,Bachelor's Degree,['Camping'],"['Sociability +', 'Friendliness +', 'Scrupulousness +', 'Neuroticism +', 'Intellectual -']",30.846233,39.800373,mic7479_zep_838574,2025-10-10 17:07:26.220721,spiderling
Michael,male,18,student,Bachelor's Degree,['Painting'],"['Sociability +', 'Friendliness -', 'Scrupulousness +', 'Neuroticism +', 'Intellectual +']",3.1452062,6.743403,6b4ba2_axsael_6b4ba2,2025-10-10 17:07:26.168816,spiderling
Michael,male,19,unemployed,Primary School,['Theater'],"['Sociability +', 'Friendliness -', 'Scrupulousness +', 'Neuroticism +', 'Intellectual +']",6.0525985,8.507562,mic6262_bem_366543,2025-10-10 17:07:26.230276,spiderling
Michele,female,26,physicist,Master's Degree,['Reading'],"['Sociability -', 'Friendliness -', 'Scrupulousness +', 'Neuroticism +', 'Intellectual -']",21.882334,27.384283,xjf_mic_785_352cc9,2025-10-10 17:07:26.153766,spiderling
Minnie,female,21,builder,Bachelor's Degree,['Climbing'],"['Sociability +', 'Friendliness +', 'Scrupulousness +', 'Neuroticism +', 'Intellectual +']",80.0,66.475555,ghj_min_336_cc2040,2025-10-10 17:07:26.263494,spiderling
Monique,female,18,trucker,Bachelor's Degree,['Soccer'],"['Sociability +', 'Friendliness -', 'Scrupulousness - ', 'Neuroticism +', 'Intellectual -']",64.56057,76.57476,moniquez42_c861bf,2025-10-10 17:07:25.912513,drs
Monte,male,26,psychologist,Associate Degree,['Animals'],"['Sociability +', 'Friendliness -', 'Scrupulousness +', 'Neuroticism +', 'Intellectual +']",39.963318,0.0,monte_7d5f90_649,2025-10-10 17:07:25.938159,drs
Muriel,female,27,waiter,Associate Degree,['Camping'],"['Sociability -', 'Friendliness -', 'Scrupulousness - ', 'Neuroticism +', 'Intellectual -']",2.1640902,3.3855054,5cad3e_nouiel_5cad3e,2025-10-10 17:07:25.979467,drs
Nathaniel,male,29,waiter,No Education,['Gardening'],"['Sociability +', 'Friendliness -', 'Scrupulousness - ', 'Neuroticism +', 'Intellectual -']",0.013666817,4.9871106,nathaniel_cys510_17601088,2025-10-10 17:07:26.271757,spiderling
Neida,female,57,physicist,Professional Certificate,['Astrology'],"['Sociability +', 'Friendliness -', 'Scrupulousness - ', 'Neuroticism +', 'Intellectual +']",3.1726158,2.8124824,neida_yfm396_1760108845_5,2025-10-10 17:07:26.000786,drs
Nicholas,male,29,mathematician,Master's Degree,['Tennis'],"['Sociability +', 'Friendliness -', 'Scrupulousness - ', 'Neuroticism +', 'Intellectual -']",4.392853,7.020578,nicholasa55_daabb1,2025-10-10 17:07:26.112798,drs
Nicholas,male,19,builder,PhD,['Fashion'],"['Sociability +', 'Friendliness +', 'Scrupulousness - ', 'Neuroticism +', 'Intellectual +']",36.60996,45.147152,nic3968_ahb_989603,2025-10-10 17:07:25.952222,drs
Nina,female,36,astronaut,Middle School,['Theater'],"['Sociability +', 'Friendliness -', 'Scrupulousness - ', 'Neuroticism -', 'Intellectual +']",0.00048091792,5.000784,nina_trb541_1760108846_90,2025-10-10 17:07:26.063807,drs
Norma,female,30,entrepreneur,Associate Degree,['Yoga'],"['Sociability +', 'Friendliness -', 'Scrupulousness +', 'Neuroticism +', 'Intellectual +']",54.422375,38.587193,norma_sye106_1760108846_c,2025-10-10 17:07:26.130657,spiderling
Olive,female,31,teacher,Middle School,['Fishing'],"['Sociability +', 'Friendliness -', 'Scrupulousness - ', 'Neuroticism +', 'Intellectual +']",30.858603,0.0,olive_hdz990_1760108846_b,2025-10-10 17:07:26.096723,drs
Pamela,female,22,waiter,Bachelor's Degree,['Animals'],"['Sociability +', 'Friendliness +', 'Scrupulousness - ', 'Neuroticism -', 'Intellectual +']",0.107636236,5.0936103,pamelac93_85d19d,2025-10-10 17:07:26.299129,spiderling
Pamela,female,27,builder,Master's Degree,['Padel'],"['Sociability +', 'Friendliness -', 'Scrupulousness - ', 'Neuroticism +', 'Intellectual +']",69.60654,36.138824,pbh_pam_957_6a4d61,2025-10-10 17:07:26.329866,spiderling
Patrick,male,18,builder,High School Diploma,['Classical music'],"['Sociability -', 'Friendliness -', 'Scrupulousness +', 'Neuroticism +', 'Intellectual +']",11.344943,18.6755,patrickQ32_4b2ce2,2025-10-10 17:07:25.997074,drs
Paul,male,19,waiter,Professional Certificate,['Hiking'],"['Sociability +', 'Friendliness +', 'Scrupulousness +', 'Neuroticism +', 'Intellectual -']",0.2750876,4.9299664,paul_cgx833_1760108846_c8,2025-10-10 17:07:26.316755,spiderling
Pauline,female,46,chemist,Middle School,['Cooking'],"['Sociability +', 'Friendliness +', 'Scrupulousness +', 'Neuroticism +', 'Intellectual -']",0.000434714,4.999748,pau5618_kbn_377c5d,2025-10-10 17:07:26.149930,spiderling
Phillip,male,55,teacher,Bachelor's Degree,['Rugby'],"['Sociability +', 'Friendliness -', 'Scrupulousness +', 'Neuroticism -', 'Intellectual +']",17.991413,0.0,c141c1_obilip_c141c1,2025-10-10 17:07:26.213140,spiderling
Ray,male,33,entrepreneur,Bachelor's Degree,['Gardening'],"['Sociability -', 'Friendliness +', 'Scrupulousness +', 'Neuroticism +', 'Intellectual +']",53.27984,100.0,ray_e24f3b_815,2025-10-10 17:07:26.011100,drs
Rebecca,female,46,physicist,Professional Certificate,['Tennis'],"['Sociability +', 'Friendliness +', 'Scrupulousness - ', 'Neuroticism -', 'Intellectual -']",8.463475,16.03203,rebecca_avy510_1760108846,2025-10-10 17:07:26.056128,drs
Richard,male,23,employee,Master's Degree,['Dance'],"['Sociability +', 'Friendliness -', 'Scrupulousness - ', 'Neuroticism +', 'Intellectual -']",30.846233,63.775826,richard_lji108_1760108846,2025-10-10 17:07:26.273651,spiderling
Richard,male,48,firefighter,Primary School,['Astrology'],"['Sociability -', 'Friendliness -', 'Scrupulousness - ', 'Neuroticism +', 'Intellectual -']",1.9452494,1.7160053,richard_ghk313_1760108846,2025-10-10 17:07:26.239783,spiderling
Robert,male,23,waiter,High School Diploma,['Tennis'],"['Sociability +', 'Friendliness +', 'Scrupulousness - ', 'Neuroticism +', 'Intellectual +']",0.010916325,4.9827733,6e596b_rwaert_6e596b,2025-10-10 17:07:25.916227,drs
Robert,male,27,psychologist,PhD,['Meditation'],"['Sociability -', 'Friendliness +', 'Scrupulousness - ', 'Neuroticism +', 'Intellectual +']",0.0024909072,4.9961357,robertY89_dad340,2025-10-10 17:07:26.301185,spiderling
Robert,male,45,police,Associate Degree,['Fishing'],"['Sociability +', 'Friendliness -', 'Scrupulousness +', 'Neuroticism -', 'Intellectual +']",0.043262254,4.9859138,e962a6_pdmert_e962a6,2025-10-10 17:07:26.184688,spiderling
Robert,male,40,waiter,Master's Degree,['Classical music'],"['Sociability +', 'Friendliness +', 'Scrupulousness +', 'Neuroticism +', 'Intellectual -']",50.086124,98.39653,fcg_rob_214_e82577,2025-10-10 17:07:26.092636,drs
Robert,male,21,student,Professional Certificate,['Painting'],"['Sociability +', 'Friendliness +', 'Scrupulousness - ', 'Neuroticism +', 'Intellectual +']",13.807504,0.0,robert_vbt768_1760108846,2025-10-10 17:07:26.007088,drs
Roberta,female,34,psychologist,Associate Degree,['Nature photography'],"['Sociability +', 'Friendliness +', 'Scrupulousness +', 'Neuroticism +', 'Intellectual +']",62.87121,36.505962,rob9894_bcm_27fa92,2025-10-10 17:07:26.024780,drs
Roberto,male,19,builder,No Education,['Dance'],"['Sociability -', 'Friendliness -', 'Scrupulousness - ', 'Neuroticism +', 'Intellectual +']",21.738716,11.958455,roberto_47feeb_280,2025-10-10 17:07:25.975601,drs
Robin,female,19,student,No Education,['Padel'],"['Sociability +', 'Friendliness -', 'Scrupulousness - ', 'Neuroticism +', 'Intellectual -']",0.011021281,4.986178,73b599_nbdbin_73b599,2025-10-10 17:07:26.138713,spiderling
Robin,female,26,mathematician,Professional Certificate,['Climbing'],"['Sociability +', 'Friendliness +', 'Scrupulousness +', 'Neuroticism +', 'Intellectual +']",61.61178,91.82467,robin_mzw502_1760108845_6,2025-10-10 17:07:25.944180,drs
Roderick,male,26,police,Primary School,['Climbing'],"['Sociability -', 'Friendliness -', 'Scrupulousness +', 'Neuroticism -', 'Intellectual -']",2.1249428,0.9757728,roderick_20f537_761,2025-10-10 17:07:26.216996,spiderling
Russell,male,41,waiter,No Education,['Rugby'],"['Sociability +', 'Friendliness +', 'Scrupulousness +', 'Neuroticism +', 'Intellectual +']",27.443398,25.47802,russell_fcc93b_788,2025-10-10 17:07:26.174357,spiderling
Russell,male,34,employee,PhD,['Fishing'],"['Sociability +', 'Friendliness +', 'Scrupulousness +', 'Neuroticism -', 'Intellectual -']",0.31325802,5.052512,russell_kcg232_1760108846,2025-10-10 17:07:26.234090,spiderling
Ryan,male,30,physicist,Associate Degree,['Theater'],"['Sociability +', 'Friendliness -', 'Scrupulousness - ', 'Neuroticism +', 'Intellectual +']",0.33710912,4.361858,ryany98_ad6568,2025-10-10 17:07:26.265229,spiderling
Sammy,male,25,builder,High School Diploma,['Hiking'],"['Sociability +', 'Friendliness +', 'Scrupulousness - ', 'Neuroticism -', 'Intellectual -']",53.27984,16.329296,sammy_yxt111_1760108846_f,2025-10-10 17:07:26.163315,spiderling
Sandra,female,23,builder,Professional Certificate,['Chess'],"['Sociability -', 'Friendliness +', 'Scrupulousness +', 'Neuroticism +', 'Intellectual +']",14.2495775,15.837282,sandra_6f348b_155,2025-10-10 17:07:25.958077,drs
Sandra,female,34,trucker,Middle School,['Astronomy'],"['Sociability +', 'Friendliness +', 'Scrupulousness - ', 'Neuroticism +', 'Intellectual +']",10.596493,15.783126,8a3a53_hscdra_8a3a53,2025-10-10 17:07:26.342702,spiderling
Sara,female,33,employee,High School Diploma,['Soccer'],"['Sociability +', 'Friendliness +', 'Scrupulousness +', 'Neuroticism +', 'Intellectual -']",3.2913637,4.1768913,saray42_95e204,2025-10-10 17:07:26.159436,spiderling
Sherri,female,31,developer,High School Diploma,['Theater'],"['Sociability +', 'Friendliness +', 'Scrupulousness +', 'Neuroticism +', 'Intellectual -']",33.398575,58.790516,sherrip95_55ac2e,2025-10-10 17:07:26.252059,spiderling
Sherri,female,27,firefighter,PhD,['Fishing'],"['Sociability -', 'Friendliness +', 'Scrupulousness +', 'Neuroticism +', 'Intellectual +']",11.496395,2.4048004,8ed1ff_rnmrri_8ed1ff,2025-10-10 17:07:26.314927,spiderling
Shirley,female,45,waiter,Professional Certificate,['Animals'],"['Sociability +', 'Friendliness -', 'Scrupulousness +', 'Neuroticism +', 'Intellectual -']",43.891308,44.516174,745ec0_ubpley_745ec0,2025-10-10 17:07:26.322426,spiderling
Stanley,male,26,employee,Bachelor's Degree,['Volunteering'],"['Sociability +', 'Friendliness -', 'Scrupulousness +', 'Neuroticism +', 'Intellectual +']",3.6125135,5.6507053,stanley_fe4f29_295,2025-10-10 17:07:26.033389,drs
Stanley,male,39,student,Bachelor's Degree,['Astronomy'],"['Sociability +', 'Friendliness +', 'Scrupulousness - ', 'Neuroticism -', 'Intellectual -']",21.989506,0.0,e54ef1_ayrley_e54ef1,2025-10-10 17:07:26.237903,spiderling
Susan,female,23,student,Associate Degree,['Nature'],"['Sociability +', 'Friendliness -', 'Scrupulousness +', 'Neuroticism +', 'Intellectual +']",50.069534,89.66091,bmc_sus_855_710911,2025-10-10 17:07:26.178796,spiderling
Tamera,female,22,employee,Master's Degree,['Dance'],"['Sociability +', 'Friendliness +', 'Scrupulousness +', 'Neuroticism +', 'Intellectual +']",0.0003026864,5.0001774,tamera_4379a0_206,2025-10-10 17:07:26.257972,spiderling
Tammie,female,48,developer,High School Diploma,['Meditation'],"['Sociability +', 'Friendliness +', 'Scrupulousness - ', 'Neuroticism -', 'Intellectual +']",0.001195812,4.9982667,tammieF91_6f3cef,2025-10-10 17:07:26.259919,spiderling
Tenesha,female,22,trucker,PhD,['Board games'],"['Sociability +', 'Friendliness -', 'Scrupulousness +', 'Neuroticism -', 'Intellectual +']",1.2630001,7.2444315,teneshav73_edfde3,2025-10-10 17:07:26.116234,drs
Thomas,male,26,entrepreneur,Primary School,['Computer programming'],"['Sociability +', 'Friendliness +', 'Scrupulousness - ', 'Neuroticism +', 'Intellectual +']",0.00053131714,4.99929,thomas_doo575_1760108846,2025-10-10 17:07:26.166994,spiderling
Thomas,male,30,student,High School Diploma,['Photography'],"['Sociability +', 'Friendliness -', 'Scrupulousness - ', 'Neuroticism +', 'Intellectual +']",40.545464,92.3301,tho1345_uky_1553af,2025-10-10 17:07:26.028988,drs
Timothy,male,41,police,High School Diploma,['Crafts'],"['Sociability +', 'Friendliness +', 'Scrupulousness - ', 'Neuroticism -', 'Intellectual +']",1.9432317,2.2009125,timothyj92_e041dc,2025-10-10 17:07:26.187013,spiderling
Toni,female,48,police,Primary School,['Board games'],"['Sociability +', 'Friendliness -', 'Scrupulousness - ', 'Neuroticism -', 'Intellectual +']",54.51979,83.65459,ntz_ton_390_fa8b61,2025-10-10 17:07:26.293231,spiderling
Tyler,male,18,waiter,Professional Certificate,['Padel'],"['Sociability +', 'Friendliness -', 'Scrupulousness - ', 'Neuroticism -', 'Intellectual +']",48.362762,78.96292,tylerp38_2ae226,2025-10-10 17:07:26.232213,spiderling
Victor,male,19,student,Associate Degree,['Astrology'],"['Sociability -', 'Friendliness +', 'Scrupulousness +', 'Neuroticism +', 'Intellectual +']",23.417114,44.802273,vic2521_dtx_3fd8a6,2025-10-10 17:07:25.927280,drs
William,male,38,astronaut,High School Diploma,['Yoga'],"['Sociability +', 'Friendliness -', 'Scrupulousness - ', 'Neuroticism +', 'Intellectual +']",0.03220747,4.958279,williamB99_40ca34,2025-10-10 17:07:26.222582,spiderling
William,male,33,unemployed,Middle School,['Meditation'],"['Sociability +', 'Friendliness +', 'Scrupulousness +', 'Neuroticism -', 'Intellectual +']",21.882334,0.0,william_fum640_1760108846,2025-10-10 17:07:26.312980,spiderling
William,male,27,developer,Associate Degree,['Padel'],"['Sociability +', 'Friendliness -', 'Scrupulousness - ', 'Neuroticism +', 'Intellectual +']",18.838484,0.0,william_hak381_1760108845,2025-10-10 17:07:25.994599,drs
William,male,35,mathematician,Middle School,['Contemporary music'],"['Sociability +', 'Friendliness +', 'Scrupulousness - ', 'Neuroticism -', 'Intellectual -']",50.12682,95.499435,william_fe3e1e_746,2025-10-10 17:07:25.923600,drs
William,male,28,developer,Middle School,['Travel'],"['Sociability +', 'Friendliness -', 'Scrupulousness +', 'Neuroticism +', 'Intellectual -']",30.502394,19.891172,qjz_wil_688_51966d,2025-10-10 17:07:25.948250,drs
William,male,23,waiter,No Education,['Painting'],"['Sociability +', 'Friendliness +', 'Scrupulousness +', 'Neuroticism +', 'Intellectual +']",30.846233,2.8638887,williamH35_04b55e,2025-10-10 17:07:26.193246,spiderling
Winfred,male,31,unemployed,No Education,['Climbing'],"['Sociability +', 'Friendliness +', 'Scrupulousness - ', 'Neuroticism -', 'Intellectual +']",11.264428,0.0,5bc5a4_nksred_5bc5a4,2025-10-10 17:07:26.110843,drs
